dataset_size,desired_log_likelihood
50,-23.581228
100,-36.634808
150,-46.085335
200,-56.4777
250,-52.83188
300,-76.034256
350,-77.16417
400,-90.92839
450,-106.402954
500,-110.748764
550,-133.11539
600,-125.77855
650,-123.18573
700,-162.65959
750,-191.48227
800,-178.7087
850,-176.9943
900,-181.25838
950,-196.15627
1000,-202.75346
1500,-268.7141
2000,-352.23004
2500,-452.865
3000,-538.3572
3500,-653.166
