dataset_size,desired_log_likelihood
50,nan
100,nan
150,-36.014164
200,-41.061024
250,-48.628086
300,-58.810673
350,-68.078636
400,-90.6034
450,-76.1293
500,-77.87286
550,-89.56185
600,-130.68326
650,-123.69009
700,-112.97646
750,-130.37283
800,-141.25784
850,-159.63452
900,-154.50168
950,-162.32806
1000,-169.09494
1500,-265.20737
2000,-344.905
2500,-410.25552
3000,-498.73505
3500,-561.27795
4000,-652.813
