dataset_size,desired_log_likelihood
50,-35.7996
100,-64.84153
150,-91.508514
200,-104.132675
250,-133.13374
300,-150.6149
350,-155.26012
400,-141.7935
450,-186.13217
500,-179.88583
