dataset_size,desired_log_likelihood
50,-35.32098
100,-59.854027
150,-90.32771
200,-114.039505
250,-117.38196
300,-126.82725
350,-153.00304
400,-135.9444
