{"_runtime":2034.83564504,"_wandb":{"runtime":2885},"_step":14,"dataset size":6000,"log_likelihood":-36800,"_timestamp":1.7292061054949577e+09}