dataset_size,full_log_likelihood
100,-544.9647962299726
200,-872.0323943325168
300,-1315.9876287831464
