dataset_size,full_log_likelihood
100,-96.36097419309094
200,-323.8123740679292
300,-612.1105681466889
