dataset_size,full_log_likelihood
100,-621.8664263588846
200,-1153.4212770873414
300,-1646.4110580975332
400,-2088.2255316073047
500,-2535.8188901503627
600,-3022.849208812191
700,-3569.620491901091
800,-4097.763209041286
900,-4436.864998137209
1000,-4969.645019262747
2000,-9804.899614685683
3000,-14496.90017103469
4000,-19246.68154344362
5000,-24105.847096460024
6000,-28757.820021881365
7000,-33670.05781317885
8000,-38484.84640791287
9000,-43152.94814218517
10000,-47934.103364044844
