dataset_size,full_log_likelihood
100,-682.7469340847965
200,-1277.9805304281847
