dataset_size,full_log_likelihood
100,-372.23297
200,-384.64325
300,-1232.525
400,-1294.0537
500,-1674.0297
600,-2003.399
700,-1971.7719
800,-2889.0508
900,-2520.6064
1000,-3658.733
2000,-5026.7393
3000,-6785.952
4000,-13571.925
5000,-16708.941
6000,-14122.787
7000,-19743.031
8000,-22421.729
9000,-25182.844
10000,-31829.037
20000,-52237.992
30000,-93476.21
40000,-103271.87
50000,-131492.33
60000,-162727.6
70000,-178831.67
80000,-203173.53
90000,-265504.8
100000,-321516.16
