{"dataset size":4000,"log_likelihood":-24944.912109375,"_timestamp":1.7291830587461054e+09,"_runtime":3693.232511574,"_step":12,"_wandb":{"runtime":4884}}