{"dataset size":240000,"log_likelihood":-1.063596587575569e+06,"_timestamp":1.7292374658937957e+09,"_runtime":62992.635525801,"_wandb":{"runtime":62992},"_step":41}