{"log_likelihood":-1.0974521217923388e+06,"_wandb":{"runtime":41393},"_timestamp":1.7292159713802128e+09,"_runtime":41393.583211315,"_step":41,"dataset size":240000}