dataset_size,desired_log_likelihood
50,-16.768955
100,-27.666378
150,-43.309357
200,-44.701714
250,-54.725998
300,-57.71461
350,-67.422165
400,-79.32622
450,-86.591995
500,-103.04488
550,-101.45857
600,-123.2739
650,-119.44619
700,-134.78294
750,-151.00601
800,-148.57333
850,-161.9864
900,-164.90341
950,-166.24028
1000,-173.5951
1500,-250.16638
2000,-360.14972
2500,-433.79907
3000,-493.55606
3500,-587.2869
