dataset_size,desired_log_likelihood
50,-34.28318
100,-65.52414
150,-95.48109
200,-110.798584
250,-131.47806
300,-118.340866
350,-163.83585
400,-166.50255
