dataset_size,desired_log_likelihood
50,-33.5083
100,-61.02146
150,-95.336876
200,-113.46242
250,-127.90621
300,-141.29305
350,-133.05978
400,-187.02106
450,-179.7485
500,-181.65935
550,-191.31598
600,-205.73381
650,-216.72905
700,-188.27731
