{"_wandb":{"runtime":18025},"_runtime":18025.823249092,"_step":41,"dataset size":240000,"log_likelihood":-1.0917784328780784e+06,"_timestamp":1.7291925908348675e+09}